trace,archetype,profile,tokens_before,tokens_after,reduction_pct,facts_survived,facts_lost,noise_removed,noise_total,seconds,degraded,note
coding_01,coding,aggressive,28226,4912,82.6,3,0,18,18,0.25,False,
coding_02,coding,aggressive,28629,4072,85.8,3,0,22,22,0.09,False,
coding_03,coding,aggressive,25428,6298,75.2,3,0,17,17,0.11,False,
coding_04,coding,aggressive,16321,3622,77.8,2,0,11,11,0.1,False,
coding_05,coding,aggressive,11792,1710,85.5,2,0,12,12,0.08,False,
coding_06,coding,aggressive,32161,5541,82.8,4,0,20,20,0.15,False,
coding_07,coding,aggressive,15206,1210,92.0,2,0,12,12,0.09,False,
coding_08,coding,aggressive,22561,5999,73.4,3,0,12,12,0.09,False,
research_01,research,conservative,22100,19602,11.3,4,0,0,19,0.19,False,
research_02,research,conservative,14392,12726,11.6,2,0,0,10,0.12,False,
research_03,research,conservative,22954,19095,16.8,2,0,0,19,0.11,False,
research_04,research,conservative,27171,21445,21.1,3,0,0,13,0.24,False,
research_05,research,conservative,24293,17910,26.3,3,0,0,13,0.18,False,
research_06,research,conservative,21904,19267,12.0,3,0,0,21,0.14,False,
support_01,support,balanced,28927,3838,86.7,4,0,31,31,0.29,False,
support_02,support,balanced,17605,1949,88.9,2,0,20,20,0.13,False,
support_03,support,balanced,18090,2720,85.0,2,0,17,17,0.07,False,
support_04,support,balanced,9322,1675,82.0,2,0,13,13,0.06,False,
support_05,support,balanced,26235,4464,83.0,3,0,22,22,0.09,False,
support_06,support,balanced,14743,2555,82.7,2,0,15,15,0.06,False,
